asin,stars,title,text,date,verified,helpful,scraped_at
B09GKL9QYD,5.0,Love it,"Sturdy, beautiful color, good quality chain, locks are good,. Wheels are smooth. Too good for the price",14 July 2026,True,,2026-07-24T14:53:10
B09GKL9QYD,5.0,Nasher Miles trolley bag,Received the trolley bag today and I am highly impressed with the quality. The purple color looks exactly as shown in the picture—very premium and stylish. The 75 cm size is perfect for long trips. Getting this at such a massive discount is an absolute steal deal. The wheels and handle operate very smoothly. Highly recommended!,17 May 2026,True,7 people found this helpful,2026-07-24T14:53:10
B09GKL9QYD,5.0,Easy to carry,Good products loved it,14 July 2026,True,,2026-07-24T14:53:10
B09GKL9QYD,5.0,Happy Customer,"The product is very good. The flexible condition and colour look great, and the material is also fine. The lock functionality is also fine. Overall, I like it and love it. The wheels are so smooth to move and the bag is comfortable. The material is also hard and I am happy with the condition.",1 June 2026,True,3 people found this helpful,2026-07-24T14:53:10
B09GKL9QYD,1.0,Don’t buy,Don’t buy very cheap product on 1 st of my tour lock stop working,13 June 2026,True,One person found this helpful,2026-07-24T14:53:10
B09GKL9QYD,4.0,Satisfied,"Good , material should have been thicker",10 May 2026,True,3 people found this helpful,2026-07-24T14:53:10
B09GKL9QYD,5.0,"Stylish, spacious, and very smooth","This bag is a great purchase. The dual wheels make a huge difference in maneuverability compared to single-wheel trolleys. The inside is well-organized with mesh pockets, and the color is exactly as shown. For this price point, the quality of the zippers and the telescopic handle is top-notch. Very happy with this buy!",5 March 2026,True,4 people found this helpful,2026-07-24T14:53:10
B0CGTX3Z86,4.0,Side handle issue,I ordered 55 cm cabin luggage . Quality looks good but in the picture it is showing with top handle and side Handel but what I received was side handle missing. I think seller should clarify that in cabin luggage no side handle is given,12 June 2025,True,2 people found this helpful,2026-07-24T14:53:48
B0CGTX3Z86,5.0,Sturdy Bag at Very good price.,"Bag looks good and sturdy, I checked other brands bags on showroom, like VIP, Skybags, Samsonite, Delsey etc, but the price difference was very high. though we cannot compare the quality of the Bags with price, but if you are not a regular traveler or travel once or twice in a year, this the bag for you.",26 May 2026,True,One person found this helpful,2026-07-24T14:53:48
B0CGTX3Z86,5.0,High value,Very beautiful trolley bag in a affordable price. Good quality product,27 May 2026,True,One person found this helpful,2026-07-24T14:53:48
B0CGTX3Z86,1.0,Misinformation and cheating,Received only a single bag as against an order for 3 pieces set,12 July 2026,True,,2026-07-24T14:53:48
B0CGTX3Z86,4.0,Manual requirement,Nice product and excellent color. Should have a manual to explain functionality,10 January 2026,True,One person found this helpful,2026-07-24T14:53:48
B0CGTX3Z86,5.0,Best purchase till now,"I know photo would not justify how good and how good it feels, but trust me you can not go wrong with this color and how smooth it's wheels and zip are. Outstanding",6 January 2026,True,One person found this helpful,2026-07-24T14:53:48
B0BFJ6VM28,5.0,Love it,"Sturdy, beautiful color, good quality chain, locks are good,. Wheels are smooth. Too good for the price",14 July 2026,True,,2026-07-24T14:54:20
B0BFJ6VM28,5.0,Nasher Miles trolley bag,Received the trolley bag today and I am highly impressed with the quality. The purple color looks exactly as shown in the picture—very premium and stylish. The 75 cm size is perfect for long trips. Getting this at such a massive discount is an absolute steal deal. The wheels and handle operate very smoothly. Highly recommended!,17 May 2026,True,7 people found this helpful,2026-07-24T14:54:20
B0BFJ6VM28,5.0,Easy to carry,Good products loved it,14 July 2026,True,,2026-07-24T14:54:20
B0BFJ6VM28,5.0,Happy Customer,"The product is very good. The flexible condition and colour look great, and the material is also fine. The lock functionality is also fine. Overall, I like it and love it. The wheels are so smooth to move and the bag is comfortable. The material is also hard and I am happy with the condition.",1 June 2026,True,3 people found this helpful,2026-07-24T14:54:20
B0BFJ6VM28,1.0,Don’t buy,Don’t buy very cheap product on 1 st of my tour lock stop working,13 June 2026,True,One person found this helpful,2026-07-24T14:54:20
B0BFJ6VM28,4.0,Satisfied,"Good , material should have been thicker",10 May 2026,True,3 people found this helpful,2026-07-24T14:54:20
B0BFJ6VM28,5.0,"Stylish, spacious, and very smooth","This bag is a great purchase. The dual wheels make a huge difference in maneuverability compared to single-wheel trolleys. The inside is well-organized with mesh pockets, and the color is exactly as shown. For this price point, the quality of the zippers and the telescopic handle is top-notch. Very happy with this buy!",5 March 2026,True,4 people found this helpful,2026-07-24T14:54:20
B0CVS1VG1T,5.0,Love it,"Sturdy, beautiful color, good quality chain, locks are good,. Wheels are smooth. Too good for the price",14 July 2026,True,,2026-07-24T14:54:52
B0CVS1VG1T,5.0,Nasher Miles trolley bag,Received the trolley bag today and I am highly impressed with the quality. The purple color looks exactly as shown in the picture—very premium and stylish. The 75 cm size is perfect for long trips. Getting this at such a massive discount is an absolute steal deal. The wheels and handle operate very smoothly. Highly recommended!,17 May 2026,True,7 people found this helpful,2026-07-24T14:54:52
B0CVS1VG1T,5.0,Easy to carry,Good products loved it,14 July 2026,True,,2026-07-24T14:54:52
B0CVS1VG1T,5.0,Happy Customer,"The product is very good. The flexible condition and colour look great, and the material is also fine. The lock functionality is also fine. Overall, I like it and love it. The wheels are so smooth to move and the bag is comfortable. The material is also hard and I am happy with the condition.",1 June 2026,True,3 people found this helpful,2026-07-24T14:54:52
B0CVS1VG1T,1.0,Don’t buy,Don’t buy very cheap product on 1 st of my tour lock stop working,13 June 2026,True,One person found this helpful,2026-07-24T14:54:52
B0CVS1VG1T,4.0,Satisfied,"Good , material should have been thicker",10 May 2026,True,3 people found this helpful,2026-07-24T14:54:52
B0CVS1VG1T,5.0,"Stylish, spacious, and very smooth","This bag is a great purchase. The dual wheels make a huge difference in maneuverability compared to single-wheel trolleys. The inside is well-organized with mesh pockets, and the color is exactly as shown. For this price point, the quality of the zippers and the telescopic handle is top-notch. Very happy with this buy!",5 March 2026,True,4 people found this helpful,2026-07-24T14:54:52
B0CGTVMZBX,4.0,Side handle issue,I ordered 55 cm cabin luggage . Quality looks good but in the picture it is showing with top handle and side Handel but what I received was side handle missing. I think seller should clarify that in cabin luggage no side handle is given,12 June 2025,True,2 people found this helpful,2026-07-24T14:55:25
B0CGTVMZBX,5.0,Sturdy Bag at Very good price.,"Bag looks good and sturdy, I checked other brands bags on showroom, like VIP, Skybags, Samsonite, Delsey etc, but the price difference was very high. though we cannot compare the quality of the Bags with price, but if you are not a regular traveler or travel once or twice in a year, this the bag for you.",26 May 2026,True,One person found this helpful,2026-07-24T14:55:25
B0CGTVMZBX,5.0,High value,Very beautiful trolley bag in a affordable price. Good quality product,27 May 2026,True,One person found this helpful,2026-07-24T14:55:25
B0CGTVMZBX,1.0,Misinformation and cheating,Received only a single bag as against an order for 3 pieces set,12 July 2026,True,,2026-07-24T14:55:25
B0CGTVMZBX,4.0,Manual requirement,Nice product and excellent color. Should have a manual to explain functionality,10 January 2026,True,One person found this helpful,2026-07-24T14:55:26
B0CGTVMZBX,5.0,Best purchase till now,"I know photo would not justify how good and how good it feels, but trust me you can not go wrong with this color and how smooth it's wheels and zip are. Outstanding",6 January 2026,True,One person found this helpful,2026-07-24T14:55:26
B0CVS1WZ1C,5.0,Love it,"Sturdy, beautiful color, good quality chain, locks are good,. Wheels are smooth. Too good for the price",14 July 2026,True,,2026-07-24T14:55:55
B0CVS1WZ1C,5.0,Nasher Miles trolley bag,Received the trolley bag today and I am highly impressed with the quality. The purple color looks exactly as shown in the picture—very premium and stylish. The 75 cm size is perfect for long trips. Getting this at such a massive discount is an absolute steal deal. The wheels and handle operate very smoothly. Highly recommended!,17 May 2026,True,7 people found this helpful,2026-07-24T14:55:55
B0CVS1WZ1C,5.0,Easy to carry,Good products loved it,14 July 2026,True,,2026-07-24T14:55:55
B0CVS1WZ1C,5.0,Happy Customer,"The product is very good. The flexible condition and colour look great, and the material is also fine. The lock functionality is also fine. Overall, I like it and love it. The wheels are so smooth to move and the bag is comfortable. The material is also hard and I am happy with the condition.",1 June 2026,True,3 people found this helpful,2026-07-24T14:55:55
B0CVS1WZ1C,1.0,Don’t buy,Don’t buy very cheap product on 1 st of my tour lock stop working,13 June 2026,True,One person found this helpful,2026-07-24T14:55:55
B0CVS1WZ1C,4.0,Satisfied,"Good , material should have been thicker",10 May 2026,True,3 people found this helpful,2026-07-24T14:55:55
B0CVS1WZ1C,5.0,"Stylish, spacious, and very smooth","This bag is a great purchase. The dual wheels make a huge difference in maneuverability compared to single-wheel trolleys. The inside is well-organized with mesh pockets, and the color is exactly as shown. For this price point, the quality of the zippers and the telescopic handle is top-notch. Very happy with this buy!",5 March 2026,True,4 people found this helpful,2026-07-24T14:55:55
B0GCZGLLK5,5.0,Love it,"Sturdy, beautiful color, good quality chain, locks are good,. Wheels are smooth. Too good for the price",14 July 2026,True,,2026-07-24T14:56:27
B0GCZGLLK5,5.0,Nasher Miles trolley bag,Received the trolley bag today and I am highly impressed with the quality. The purple color looks exactly as shown in the picture—very premium and stylish. The 75 cm size is perfect for long trips. Getting this at such a massive discount is an absolute steal deal. The wheels and handle operate very smoothly. Highly recommended!,17 May 2026,True,7 people found this helpful,2026-07-24T14:56:27
B0GCZGLLK5,5.0,Easy to carry,Good products loved it,14 July 2026,True,,2026-07-24T14:56:27
B0GCZGLLK5,5.0,Happy Customer,"The product is very good. The flexible condition and colour look great, and the material is also fine. The lock functionality is also fine. Overall, I like it and love it. The wheels are so smooth to move and the bag is comfortable. The material is also hard and I am happy with the condition.",1 June 2026,True,3 people found this helpful,2026-07-24T14:56:27
B0GCZGLLK5,1.0,Don’t buy,Don’t buy very cheap product on 1 st of my tour lock stop working,13 June 2026,True,One person found this helpful,2026-07-24T14:56:27
B0GCZGLLK5,4.0,Satisfied,"Good , material should have been thicker",10 May 2026,True,3 people found this helpful,2026-07-24T14:56:28
B0GCZGLLK5,5.0,"Stylish, spacious, and very smooth","This bag is a great purchase. The dual wheels make a huge difference in maneuverability compared to single-wheel trolleys. The inside is well-organized with mesh pockets, and the color is exactly as shown. For this price point, the quality of the zippers and the telescopic handle is top-notch. Very happy with this buy!",5 March 2026,True,4 people found this helpful,2026-07-24T14:56:28
B0BSL1HWKR,5.0,Best buy,"Best buy in suitcases so far. Perfect weight, good quality wheels, top quality fabric, ergonomic and big sturdy handles on all sides fro lifting.",1 July 2026,True,,2026-07-24T14:56:59
B0BSL1HWKR,5.0,Amazing Product,This bag is so sturdy and material is top notch. Such a pretty black color. Looks very stylish. Previously I received a wrong item but received the actual item after placing replacement. Chains are smooth. The lock works perfectly. Wheels are tough too. Don’t go after any other brand at this price. You won’t get this quality at this rate in Safari Vip or any other brand.,22 July 2025,True,6 people found this helpful,2026-07-24T14:56:59
B0BSL1HWKR,4.0,Good trolley,Worth for money. Light weight and durable,6 July 2025,True,3 people found this helpful,2026-07-24T14:56:59
B0BSL1HWKR,5.0,Absolute value for money,"I recently purchased a cabin luggage bag and couldn’t be happier! The build quality is excellent, with a premium look that stands out. The wheels are nice and silent, making it easy to maneuver. The zipper operates smoothly, and the pull out handle and it's rod feels sturdy and reliable—definitely not cheap or wobbly. It also arrived in great packaging. Overall, it’s worth buying and provides absolute value for money!",20 October 2024,True,5 people found this helpful,2026-07-24T14:56:59
B0BSL1HWKR,1.0,Not sturdy,"Bad quality of zip, handle. Not sturdy. Look wise ok",25 May 2026,True,,2026-07-24T14:56:59
B0BSL1HWKR,5.0,Best quality bag,Best quality bag,11 February 2026,True,,2026-07-24T14:56:59
B0BSL1HWKR,5.0,ATTACHY BAG,Its length is 2 inch less But a good product for carry on baggage.For those who may like to use for check in baggage or carry on in flights.Used this product good one,21 June 2026,True,,2026-07-24T14:56:59
B0BSL1HWKR,4.0,Good buy,Pretty luggage with good zips and wheels. Color is also nice and different from usual ones. Overall a good buy..will update review if any problem or issue,21 August 2025,True,,2026-07-24T14:56:59
B0D76579PT,5.0,Value for money,Nice product. Good quality.,20 April 2026,True,One person found this helpful,2026-07-24T14:57:32
B0D76579PT,4.0,"""Exceptional Durability and Smooth Mobility:","""I recently purchased the 8-tyre trolley luggage from Nasher Miles, and it exceeded my expectations. The 8-tyre design makes maneuvering through airports and busy streets so much easier, and the build quality is top-notch. It feels sturdy yet lightweight, and the spacious compartments allowed me to pack everything I needed for my trip. The sleek design is a bonus, too. Overall, an awesome product that combines functionality with style. Highly recommended!""",8 September 2024,True,4 people found this helpful,2026-07-24T14:57:32
B0D76579PT,5.0,"Worth it, i felt handle is slightly loose","The product quality is very good, and it’s better than the other trolley shown in the picture. I ordered both, but I decided to keep this one. It is ₹700 more expensive than the other, but it’s worth it at ₹3,899.

I personally feel one issue: the handle is slightly loose. I’m not sure whether it’s like this by default or if it’s a problem.",15 January 2026,True,5 people found this helpful,2026-07-24T14:57:32
B0D76579PT,1.0,Worst product with quality issues and broke with no weight put in,The hinges broke just in 2 weeks from purchase. I would never trust this brand and have had bad experience. This is all marketing with no quality product,2 February 2026,True,,2026-07-24T14:57:32
B0D76579PT,5.0,Movement of the bag,"Beautiful colours,steady grip and very useful for 2 to 3 days trip ,the movement of the bag is very smooth",8 January 2026,True,One person found this helpful,2026-07-24T14:57:32
B0D76579PT,4.0,Clean and flashy suitcase. Zip quality could be better.,"The suitcase is bright and looks clean. Though the zip is a little flimsy. 

Overall a good buy for the price.",3 July 2025,True,One person found this helpful,2026-07-24T14:57:32
B0D76579PT,5.0,Best Bag with a price tag that's affordable.,As expected and very nice interior texture. Its a full paisa vasool product.,8 December 2025,True,One person found this helpful,2026-07-24T14:57:32
B0CGTXW8YJ,4.0,Side handle issue,I ordered 55 cm cabin luggage . Quality looks good but in the picture it is showing with top handle and side Handel but what I received was side handle missing. I think seller should clarify that in cabin luggage no side handle is given,12 June 2025,True,2 people found this helpful,2026-07-24T14:58:06
B0CGTXW8YJ,5.0,Sturdy Bag at Very good price.,"Bag looks good and sturdy, I checked other brands bags on showroom, like VIP, Skybags, Samsonite, Delsey etc, but the price difference was very high. though we cannot compare the quality of the Bags with price, but if you are not a regular traveler or travel once or twice in a year, this the bag for you.",26 May 2026,True,One person found this helpful,2026-07-24T14:58:06
B0CGTXW8YJ,5.0,High value,Very beautiful trolley bag in a affordable price. Good quality product,27 May 2026,True,One person found this helpful,2026-07-24T14:58:06
B0CGTXW8YJ,1.0,Misinformation and cheating,Received only a single bag as against an order for 3 pieces set,12 July 2026,True,,2026-07-24T14:58:06
B0CGTXW8YJ,4.0,Manual requirement,Nice product and excellent color. Should have a manual to explain functionality,10 January 2026,True,One person found this helpful,2026-07-24T14:58:06
B0CGTXW8YJ,5.0,Best purchase till now,"I know photo would not justify how good and how good it feels, but trust me you can not go wrong with this color and how smooth it's wheels and zip are. Outstanding",6 January 2026,True,One person found this helpful,2026-07-24T14:58:06
